{
 "time": [
  1611656660,
  1611656670,
  1611656680,
  1611656690,
  1611656700,
  1611656710
 ],
 "read": [
  0.0,
  0.0,
  0.0,
  983.0400000000002,
  655.36,
  0
 ],
 "write": [
  1441464.32,
  4051107.84,
  2375270.4,
  1438023.6800000002,
  2364375.04,
  0
 ]
}
